user_id,item_id,click_count,view_time_sec,scroll_depth,add_to_cart,purchase,search_query_count,session_duration_sec,position
82,46,16,23.72,12,0,0,3,275.15,3
15,78,19,134.94,6,0,0,3,544.1,7
4,4,5,111.32,50,1,0,5,346.51,14
95,182,11,160.69,73,1,0,4,202.25,9
36,137,11,248.82,70,0,0,1,214.98,10
32,33,9,15.46,62,0,0,4,586.77,6
29,71,12,113.15,19,0,0,4,180.3,9
18,12,13,181.49,6,0,0,5,104.67,20
95,14,10,11.86,46,0,0,4,418.56,8
14,142,19,21.84,0,1,0,1,360.59,13
87,75,1,241.4,54,0,0,1,185.92,8
95,179,20,176.28,11,1,1,0,472.09,4
70,33,20,201.44,37,1,1,2,159.96,5
12,164,10,65.1,84,1,0,3,379.43,7
76,193,2,62.67,80,0,0,2,348.99,1
55,126,10,272.11,76,0,0,5,345.85,8
5,27,3,90.96,61,1,1,4,395.51,10
4,4,17,272.7,25,0,0,0,178.59,15
12,147,12,63.54,12,1,1,0,443.74,16
28,73,9,57.01,3,1,0,5,21.24,18
30,121,8,222.44,26,0,0,3,293.43,14
65,123,19,224.06,21,0,0,3,80.46,14
78,113,4,226.3,81,0,0,2,50.73,2
4,88,10,274.33,37,1,0,2,471.34,7
72,48,2,208.69,10,0,0,1,154.97,6
26,14,18,211.13,60,1,1,2,371.4,9
92,65,4,118.99,14,1,0,2,168.75,5
84,123,11,71.8,39,1,0,4,157.89,1
90,30,9,96.48,100,0,0,5,446.15,9
70,17,20,84.92,50,1,1,0,364.27,9
54,103,12,139.88,60,0,0,2,546.53,18
29,126,4,194.62,62,0,0,1,444.69,6
58,19,19,92.53,84,0,0,2,397.2,2
76,148,2,107.89,33,0,0,4,225.01,16
36,162,9,264.84,11,1,0,3,109.36,1
1,176,17,139.8,82,1,0,4,470.6,2
98,14,12,240.84,69,0,0,1,145.54,3
21,39,20,216.72,49,1,1,3,112.58,11
90,39,10,228.49,23,0,0,0,318.8,20
55,145,4,96.07,47,0,0,1,24.69,10
44,78,16,60.94,48,1,0,1,590.52,3
36,22,2,93.88,47,1,1,5,580.57,14
20,64,20,13.71,23,1,0,2,359.35,12
28,31,13,259.23,57,1,0,1,493.93,3
98,143,16,222.38,5,0,0,5,503.38,13
44,196,11,4.87,33,1,0,0,452.89,5
14,107,0,165.99,56,0,0,0,250.7,8
12,156,11,175.21,59,0,0,5,232.98,4
49,153,9,216,33,1,1,0,398.1,19
13,159,5,88.56,28,1,0,1,436.97,17
46,58,6,58.86,34,0,0,4,104.53,4
45,199,10,69.01,72,0,0,1,348.77,17
78,134,15,170.94,7,0,0,2,505.89,19
34,98,6,73.72,19,1,1,0,37.32,17
6,116,7,165.19,96,1,1,2,162.32,9
94,114,4,283.04,89,0,0,5,492.62,16
59,77,4,101.27,85,1,0,0,36.25,3
69,151,2,229.01,12,1,0,2,281.09,8
16,110,9,146.59,10,1,0,3,288.36,20
49,79,3,217.07,85,0,0,3,288.38,4
11,146,16,221.88,44,1,1,0,569.21,11
71,159,17,138.25,69,1,0,2,553.86,11
38,16,16,219.83,52,1,0,1,144.03,19
81,157,1,105.65,96,0,0,5,411.69,13
80,190,10,41.99,75,1,0,4,237.09,8
47,26,19,163.96,29,0,0,1,161.26,14
74,196,4,55.21,70,1,0,1,320.61,7
25,54,19,266.81,7,0,0,4,263.67,5
91,161,12,297.1,49,0,0,4,176.83,4
9,55,4,287.17,66,0,0,2,479.4,6
6,68,5,157.18,53,0,0,4,232.29,7
85,170,5,251.72,68,0,0,3,192.83,9
30,21,19,22.3,87,0,0,4,320.5,15
99,41,5,245.4,60,0,0,5,573.74,14
38,62,14,14.55,73,1,1,1,62.93,9
11,45,1,1.92,30,0,0,5,321.12,19
30,142,13,41.25,60,0,0,5,215.53,2
13,20,11,189.21,38,1,1,5,507.32,16
49,41,7,20.39,10,0,0,0,368.24,18
36,1,14,45.31,50,0,0,3,392.98,12
59,105,19,65.62,91,0,0,4,167.19,4
82,116,9,136.8,4,1,0,5,165.84,11
47,177,14,18.14,64,1,1,4,482.38,18
21,153,7,191.32,73,0,0,0,156.93,14
48,121,17,280.17,66,0,0,2,352.59,16
46,75,7,273.83,73,0,0,1,279.36,8
27,9,9,197.79,86,0,0,0,406.8,9
86,60,15,4.72,79,0,0,2,148.87,5
35,74,6,159.66,18,1,1,1,404.77,12
90,181,11,123.4,15,0,0,5,463.45,16
88,73,18,5.02,96,0,0,4,314.37,12
83,180,14,216.66,57,1,0,2,408.24,10
10,117,14,160.72,22,1,0,0,595.96,1
78,19,9,86.01,21,1,0,3,191.4,20
82,176,12,150.66,27,1,1,5,11.29,2
22,60,16,209.36,24,1,0,0,10.04,2
69,68,16,129.17,16,1,1,0,45.43,8
94,161,13,281.91,5,1,1,3,249.69,9
32,151,5,53.78,54,0,0,5,317.53,18
21,170,6,275.41,10,1,0,2,412.87,13
60,51,19,157.32,87,0,0,5,214.15,10
49,109,4,72.29,55,0,0,5,436.52,12
35,30,8,185.93,25,0,0,2,154.88,4
82,140,1,75.73,80,0,0,0,25.25,18
89,58,20,106.33,18,0,0,0,373.54,8
72,166,15,238.48,76,1,1,2,38.84,15
29,39,11,23.71,33,0,0,5,358.51,13
88,69,17,287.79,40,1,1,3,536.91,1
42,37,3,137.7,93,1,0,1,134.01,13
99,19,16,72.96,8,0,0,3,361.63,9
100,16,3,209.17,11,1,0,4,77.47,10
8,43,9,89.99,49,1,0,5,574.89,3
30,79,2,248.42,71,1,0,0,56.4,8
5,153,5,24.19,50,1,0,2,364.79,10
41,192,8,297.5,70,0,0,3,228.7,7
52,146,14,194.97,41,1,1,4,459.5,6
35,74,16,9.51,35,0,0,4,390.5,15
9,113,4,121.58,66,0,0,0,482.9,11
28,32,13,113.15,58,0,0,1,114.94,14
73,120,2,142.8,1,1,0,1,70.95,2
92,177,7,191.02,100,1,0,4,114.64,9
41,78,14,210.85,89,0,0,3,180.27,3
28,180,11,24.81,79,1,0,4,397.98,16
84,104,0,253.6,75,1,0,5,50.05,16
64,70,13,193.47,66,0,0,0,274.8,14
51,129,1,99.38,100,0,0,0,597.17,11
83,139,12,293.2,53,0,0,1,462.77,14
59,127,16,292.15,14,0,0,4,416.87,4
19,113,11,268.44,53,0,0,2,402.21,6
34,21,7,275.75,19,1,0,2,463.22,9
18,154,12,68.93,18,0,0,3,158.12,17
32,11,2,270.38,72,1,0,3,469.54,3
96,111,11,207.69,75,0,0,5,169.99,12
72,189,7,170.04,74,1,0,1,42.12,14
69,83,0,81.33,97,0,0,0,236.21,20
34,155,10,277.25,12,1,1,2,597.6,18
96,65,3,205.33,13,0,0,5,158.65,11
75,7,20,84.11,72,0,0,2,488.62,15
55,24,10,162.91,99,0,0,2,110.87,1
75,59,4,197.43,12,0,0,5,46.29,2
52,173,4,53.81,100,1,0,2,587.76,6
47,148,1,255.13,36,0,0,1,124.4,15
29,151,9,4.7,68,0,0,4,238.62,5
18,6,15,62.15,44,0,0,2,389.06,1
66,196,4,43.26,52,0,0,0,69.52,13
64,173,15,246.21,33,1,1,5,326.68,7
12,69,14,246.27,49,0,0,2,261.6,10
97,148,19,278.66,83,1,1,3,370.31,11
7,11,0,89.78,62,0,0,0,68.22,19
15,196,2,169.19,73,1,0,4,267.74,3
20,194,0,170.01,77,0,0,2,159.1,4
81,45,8,254.83,60,0,0,1,25.74,6
21,121,6,203.11,4,1,1,1,46.9,8
88,133,4,162.17,22,1,0,2,437.89,17
55,167,17,115.15,35,1,1,3,467.46,5
77,114,19,221.92,51,0,0,5,16.17,20
9,72,16,237.15,18,0,0,1,301.13,14
50,47,13,206.79,79,0,0,0,393.45,11
49,150,3,23.53,77,1,0,5,5.52,15
77,112,9,223.64,87,0,0,3,27.51,16
60,163,7,103.76,88,0,0,4,237.34,5
68,126,9,29.31,51,1,0,5,95.21,9
33,24,3,69.64,4,1,1,4,201.25,6
71,121,1,22.81,50,1,1,5,237.84,19
2,90,7,181.55,42,1,1,5,7.2,11
88,105,13,184.16,88,1,0,1,426.03,10
93,86,20,178.68,30,0,0,3,463.74,7
15,83,19,290.68,6,1,0,1,289.49,3
88,172,14,97.91,95,1,1,4,245.33,14
69,27,2,190.24,60,1,1,1,438.02,12
97,42,3,235.06,34,0,0,3,488.3,6
35,85,15,135.17,47,0,0,2,46.71,13
99,106,19,68.44,2,1,1,4,139.38,13
83,178,17,165.91,43,0,0,2,233.73,19
44,127,0,112.63,38,0,0,3,415.11,8
15,74,20,55.72,39,1,0,4,469,1
38,170,16,175.76,35,1,0,1,77.12,1
56,103,18,114.02,62,1,0,1,323.51,18
21,195,7,231.65,89,0,0,5,595,20
59,141,4,88.61,87,1,0,1,203.4,8
1,10,9,73.93,12,1,0,4,185.18,3
93,117,13,22.05,29,1,1,4,37.84,15
93,23,0,80.39,17,1,1,5,598.22,7
34,81,19,114,38,1,0,1,390.01,9
65,65,11,235.17,95,1,1,1,222.39,6
98,83,7,46.28,56,1,0,2,512.74,2
23,30,18,116.89,99,0,0,5,207.34,13
65,198,13,108.21,41,0,0,5,505.5,20
14,104,5,27.46,34,0,0,4,457.47,14
81,132,2,282.89,93,1,1,1,177.53,20
39,1,16,133.42,53,0,0,3,125.86,9
82,169,11,228.4,77,0,0,1,334.91,5
65,139,2,30.67,82,1,0,5,580.67,3
78,119,16,26.19,11,0,0,4,398.14,12
26,106,17,129.29,24,0,0,1,182.83,6
20,14,16,167.1,56,0,0,2,237.11,19
48,49,16,153.73,27,0,0,0,68.53,4
98,133,17,30.99,52,1,0,4,414.86,1
21,93,0,26.89,94,0,0,4,294.47,17
70,160,12,166.27,62,0,0,5,531.7,14
100,194,15,179.08,97,1,0,0,265.6,15
68,128,1,235.33,66,1,1,1,117.73,16
1,161,20,259.12,47,0,0,2,26.24,4
77,114,12,3.7,7,1,1,1,20.09,8
42,195,11,124.14,65,1,1,5,597.85,7
63,14,8,233.75,20,0,0,0,146.9,7
3,53,0,217.45,8,1,1,2,236.32,9
15,69,11,167.86,39,0,0,3,476.68,10
47,141,2,297.82,90,1,0,3,387.83,16
40,34,11,72.82,64,0,0,2,302.31,13
31,74,7,156.33,51,1,0,3,579.15,5
8,113,20,205.59,17,1,0,5,488.01,14
31,179,3,50.85,99,0,0,5,580.11,7
73,125,18,80.68,67,0,0,5,14.77,20
11,32,10,80.52,72,0,0,2,206.87,7
11,8,4,43.78,3,0,0,1,205.94,10
94,162,1,50.16,22,1,0,1,434,7
63,156,11,82.79,24,0,0,0,246.28,14
9,62,17,89.93,25,0,0,1,130.95,6
98,182,10,234.8,7,0,0,1,394.04,14
69,41,20,108.34,31,1,1,0,316.26,5
99,80,5,283.27,4,1,0,4,564.35,1
17,142,14,216.27,58,0,0,4,522.77,10
17,4,15,148.74,6,0,0,2,324.25,9
85,142,20,185,46,1,0,4,445.93,8
61,105,5,137.36,90,0,0,4,143.63,20
71,24,4,40.65,25,0,0,4,47.86,15
22,58,2,2.03,35,1,0,1,442.6,8
34,30,14,118.71,47,1,1,4,295.89,12
68,119,1,252.48,59,0,0,1,16.34,19
78,31,9,113.97,64,0,0,1,544.77,15
55,166,6,258.66,50,0,0,5,372.93,3
28,40,1,132.07,81,1,0,0,149.4,1
70,128,6,129.18,15,1,0,2,391.03,16
97,184,1,247.06,87,1,1,0,13.55,5
94,75,10,195.31,3,1,1,5,381.43,11
89,131,9,178.32,30,0,0,3,543.27,13
26,181,16,90.13,47,0,0,1,493.34,7
92,70,12,180.96,62,1,0,4,62.89,13
40,107,17,208.59,76,0,0,4,368.68,14
52,124,15,143.7,57,1,0,3,502.03,20
86,121,8,53.29,22,1,1,5,43.05,9
84,63,1,119.47,60,0,0,5,491.39,3
48,117,20,95.74,75,1,0,2,72.94,4
57,142,6,220.46,70,1,0,1,359.01,18
67,38,9,189.87,44,1,1,3,371.3,2
58,99,11,290.33,44,0,0,3,42.55,2
16,49,1,234.59,20,1,1,3,125.57,11
32,154,20,97.77,33,1,0,1,205.72,8
29,131,10,84.09,95,0,0,1,502.36,16
9,192,8,235.76,88,1,1,1,444.07,12
44,35,3,109.5,11,1,1,1,244.2,20
3,18,11,279.62,36,1,0,0,76.88,20
76,71,13,59.94,3,1,0,3,412.03,2
71,198,12,299.18,49,1,0,0,329.8,1
30,107,14,53.98,6,0,0,2,196.35,9
76,88,12,230.29,20,0,0,3,578.99,17
29,130,10,8.07,73,1,1,1,131.87,20
1,69,5,218.16,99,0,0,5,32.12,13
10,1,15,282.89,27,0,0,5,108.2,10
91,73,15,62.89,28,0,0,1,42.62,13
81,186,11,239.31,82,1,0,1,167.97,12
8,77,16,249.38,28,0,0,0,455.74,5
30,151,8,20.75,86,0,0,1,104.99,18
9,149,2,254.34,26,0,0,3,225.11,2
5,169,13,238.51,34,0,0,4,103.18,19
43,126,2,201.89,83,1,0,3,149.97,6
10,39,13,41.75,52,0,0,5,351.28,9
66,115,19,90.85,65,0,0,2,84.36,6
31,138,5,75.8,2,1,1,3,475.68,17
36,124,17,46.24,99,1,0,1,381.16,16
86,89,9,126.94,98,0,0,3,228.8,11
63,86,10,113.1,87,1,0,3,98.86,15
28,142,3,134.72,1,1,0,0,528.38,5
70,196,2,179.38,60,1,0,4,53.03,3
17,140,10,174.67,16,0,0,5,9.3,11
93,97,9,160.31,82,0,0,3,556.05,17
74,117,9,277.05,22,1,1,5,425.51,14
74,83,14,260.89,76,0,0,2,358.27,5
61,49,19,125.49,1,0,0,3,173.82,9
32,179,13,11.03,28,0,0,4,417.63,4
61,62,5,290.53,32,0,0,5,476.38,11
53,147,14,210.49,77,0,0,4,288.23,2
25,99,11,243.69,39,0,0,4,80.5,5
13,60,14,178.15,91,0,0,4,90.14,16
13,199,1,274.32,90,0,0,4,166.22,9
85,106,11,32.81,82,0,0,5,273,12
56,12,19,74.47,35,0,0,5,147.36,14
46,82,13,199.41,54,1,0,0,108.86,10
55,191,8,49.9,48,0,0,4,416.55,9
53,122,20,183.8,44,1,1,0,359.78,20
60,181,1,168.97,58,0,0,3,431.73,9
94,98,2,193.51,32,1,0,3,369.17,17
7,99,20,194.02,27,0,0,0,57.37,11
87,170,12,290.04,59,0,0,1,496.76,14
84,167,11,99.48,38,1,0,4,184.21,6
83,39,16,238.87,86,1,0,4,254.18,11
13,127,5,31.78,66,1,0,3,336.84,16
8,10,0,29.58,79,0,0,5,119.18,5
52,33,4,66.6,50,0,0,0,592.03,18
94,129,19,224.06,74,1,0,4,586.19,15
44,152,14,167.4,13,0,0,3,373.26,2
14,85,1,206.3,0,0,0,4,518.32,7
32,26,4,66.31,65,1,1,5,592.14,5
25,113,2,112.24,84,0,0,0,306.99,2
25,26,7,138.92,47,1,1,1,281.21,8
69,135,20,203.87,71,1,0,2,377.75,6
58,117,11,207.13,82,0,0,3,128.82,2
18,4,11,45.22,76,0,0,3,36.58,16
55,185,12,299.31,77,1,0,2,72.04,9
24,37,18,144.83,36,1,0,2,93.78,6
36,105,1,88.63,38,0,0,3,507.05,15
60,168,19,276.16,87,0,0,1,547.33,14
32,40,4,25.76,13,0,0,3,301.02,4
10,20,14,249.4,61,0,0,2,100.06,16
57,121,11,219.05,8,1,1,4,553.99,2
71,68,11,104.5,43,0,0,0,37.15,15
13,87,14,102.92,35,0,0,5,221.69,12
7,160,2,235.28,81,0,0,4,129.71,18
84,178,18,156.33,41,1,0,1,154.57,16
70,102,4,104.49,35,0,0,3,372.01,15
2,167,16,29.29,33,0,0,5,534.6,16
12,21,11,216.6,83,0,0,3,274.62,4
97,85,12,135.73,91,1,1,0,67.13,5
31,173,10,20.15,83,0,0,5,36.21,4
22,137,20,13.4,38,0,0,4,324.73,12
53,98,8,213.23,24,1,1,0,99.04,3
63,82,7,6.78,19,1,0,1,22.29,7
62,161,3,102.92,66,1,1,4,311.37,10
28,184,0,32.81,97,0,0,5,47.16,6
52,195,5,240.02,30,1,0,4,145,6
8,125,15,278.98,7,0,0,1,269.67,17
22,139,16,222.15,76,1,1,3,349.96,9
49,10,12,154.8,51,1,0,3,254.34,19
1,159,17,165.57,84,1,1,2,449.52,19
50,18,3,99.3,40,0,0,3,539.53,7
34,61,8,127.91,87,1,0,0,141.89,19
59,162,8,138.62,17,0,0,1,70.53,1
37,176,14,239.33,92,1,0,3,140.53,17
55,74,6,188.93,3,1,1,4,146.09,19
90,59,19,55.92,83,0,0,5,250.49,6
94,192,9,197.19,63,0,0,1,123.97,14
72,24,15,118.67,37,1,1,3,535.36,3
85,112,6,221.22,33,1,1,0,48.75,8
92,26,3,264.93,53,1,0,2,353.13,16
63,195,4,134.87,51,0,0,2,37.33,4
20,163,2,128.87,49,0,0,5,264.34,11
25,181,14,1.34,94,0,0,5,133.62,1
38,26,5,64.44,4,0,0,5,367.61,10
28,114,14,83.5,74,0,0,1,110.95,4
8,43,2,211.13,90,1,0,5,227.22,13
75,178,10,238.8,73,0,0,5,277.36,12
95,77,11,173.2,24,1,0,0,120.52,19
70,8,2,239.85,43,1,1,0,218.36,4
8,12,17,161.07,92,1,0,0,165.47,11
96,84,17,109.74,91,0,0,5,204.86,5
41,15,9,59.12,28,0,0,3,24.1,1
8,76,9,34.19,87,1,0,5,343.36,3
7,92,5,201.21,68,1,0,2,171.96,15
75,96,20,146.85,81,1,1,0,71.11,16
62,111,5,289.77,100,1,1,4,281.99,15
65,38,11,94.02,60,1,1,5,253.84,9
68,63,16,116.59,85,1,0,3,457.4,20
21,136,7,117.76,45,1,1,5,135.81,1
8,106,3,34.27,64,0,0,4,180.62,11
66,145,6,105.6,38,1,1,4,98.29,2
11,175,4,137.36,21,1,1,1,477.77,20
24,47,7,51.76,84,0,0,3,571.89,15
9,44,15,202.08,71,1,0,4,543.82,11
77,45,0,240.18,23,1,0,3,348.98,19
9,21,11,275.6,37,1,0,0,333.89,5
87,157,17,177.05,12,1,1,1,141.67,7
31,98,18,201.63,60,1,1,2,249.96,2
52,159,11,93.96,16,1,0,4,315.45,10
16,175,14,71.57,94,0,0,5,518.01,11
73,62,17,35.08,33,0,0,1,133.78,2
32,128,4,111.99,92,0,0,1,286.73,3
75,150,19,42.41,71,1,0,1,280.34,18
77,37,2,116.54,97,0,0,1,13.63,20
6,60,2,178.93,23,0,0,5,259.73,13
80,119,9,172.44,87,0,0,0,524.2,3
11,164,12,126.91,42,1,0,3,152.46,13
54,66,15,146,83,1,0,2,263.38,9
85,118,16,161.21,11,0,0,2,137.33,6
75,66,13,275.75,28,0,0,5,556.85,8
73,171,13,279.21,45,1,1,3,568.02,13
67,3,18,51.97,28,0,0,2,548.68,3
41,120,2,50.06,95,0,0,5,539.46,1
34,74,4,86.65,39,0,0,1,253.57,7
27,174,10,56.13,53,1,1,0,31.31,6
86,140,20,252.6,100,1,0,1,594.81,13
92,41,2,185.82,42,0,0,1,441.42,13
41,19,14,259.66,47,0,0,0,305.01,10
31,114,14,285.55,33,1,1,4,258.29,5
34,89,16,145.38,74,0,0,2,239.62,4
51,151,11,58.54,37,1,1,0,486.78,10
17,77,4,115.18,59,0,0,3,419.51,16
86,164,17,168.47,15,0,0,3,63.31,14
83,109,20,195.92,60,1,1,3,299.69,10
39,177,18,122.74,6,1,1,4,54.44,20
59,65,5,147.52,81,1,0,0,453.08,5
41,117,4,213.04,74,0,0,4,417.43,12
97,78,13,133.16,74,0,0,3,246.94,4
10,51,16,50.18,79,1,0,1,134.71,12
2,99,1,169.62,9,1,1,1,218.25,17
59,124,3,238.76,60,0,0,4,147.24,7
80,28,16,66.16,24,0,0,5,599.38,16
73,61,4,9.81,64,1,0,3,14.48,15
13,98,9,67.45,15,0,0,3,403.08,13
10,147,5,86.6,87,0,0,3,101.27,16
69,92,5,234.22,48,0,0,3,278.27,9
28,148,10,169.7,67,0,0,0,344.38,19
65,76,7,231.76,38,0,0,4,352.28,20
34,180,11,148.59,52,1,0,4,585.97,14
17,76,16,153.24,6,0,0,0,280.94,3
45,6,9,171.81,19,0,0,1,87.48,14
9,169,2,80.37,17,0,0,4,423.37,12
32,102,8,162.93,25,0,0,2,115.04,20
48,71,6,297.27,43,1,0,4,523.57,6
37,3,20,162.61,52,1,1,5,377.95,14
21,145,17,227.04,72,1,0,4,423.82,14
57,176,8,228,58,1,1,1,5.81,3
70,200,4,132.41,18,1,0,0,378.25,2
91,191,20,65.56,40,0,0,1,234,17
39,13,9,127.55,91,0,0,1,416,11
79,156,19,220.8,23,0,0,0,320.9,15
84,191,17,196.1,99,0,0,5,181.47,8
68,128,2,74.26,10,1,1,2,452.97,5
2,74,16,262.44,62,1,1,0,420.34,16
86,199,20,9.67,42,1,1,1,369.44,17
71,59,5,78.84,80,1,1,0,347.26,17
39,156,18,258.66,22,0,0,5,128.25,3
85,91,18,26.09,40,0,0,4,412.38,10
14,57,4,259.59,81,1,0,4,374.17,15
18,163,5,35.22,7,1,1,2,204.74,14
34,49,19,243.57,0,0,0,2,559.68,3
15,159,19,62.96,57,1,0,0,311.27,16
14,65,10,221.28,35,0,0,0,546.45,10
96,174,18,206.74,26,1,1,0,221.57,5
71,194,1,258.31,97,0,0,3,35.68,5
20,185,0,183.08,99,0,0,1,232.86,10
35,197,2,128.45,21,1,0,1,281.88,8
37,169,1,184.85,73,1,0,5,29.32,17
78,175,20,235.45,97,0,0,2,223.03,14
27,36,18,244.06,20,1,0,4,390.66,10
92,161,8,241.63,62,1,1,5,424.4,19
44,25,20,171.02,100,1,1,5,338.65,2
27,161,6,159.68,97,1,1,5,465.28,18
88,166,18,179.06,99,1,0,4,87.35,3
82,11,13,50.51,11,0,0,4,204.28,2
34,80,19,293.7,16,1,1,4,326.08,17
65,113,20,87.79,78,1,0,1,391.18,4
63,9,0,171.82,55,1,0,3,443.74,17
33,149,15,285.72,81,0,0,5,452.6,14
7,94,20,154.32,54,1,1,4,523.32,14
12,188,17,270.05,51,0,0,2,423.19,4
82,34,9,244.55,54,1,0,0,453.14,15
55,24,20,40.68,61,0,0,0,457.73,19
36,76,9,225.03,49,1,0,2,195.68,9
6,84,15,123.48,0,0,0,2,539.27,12
1,192,7,17.79,4,0,0,2,304.62,9
43,107,12,83.2,68,1,1,3,256.64,19
99,45,9,196.77,25,1,1,0,37.4,3
17,52,14,210.43,93,1,0,3,226.82,17
82,34,2,39.81,47,0,0,4,274.18,1
34,139,1,43.87,1,1,0,0,303.36,4
21,94,5,96.63,41,0,0,2,498.59,15
95,136,14,74.27,96,1,0,3,284.75,6
57,129,13,253.07,67,0,0,1,321.48,6
71,70,15,117.81,24,1,0,0,496.1,13
91,43,14,42.65,2,1,1,5,540.17,2
55,66,6,189.72,86,0,0,2,273.93,3
72,124,10,188.34,0,0,0,2,224.05,14
2,76,19,112.55,80,1,0,4,405.62,10
15,192,4,22.65,93,1,1,3,417.47,11
10,87,10,238.38,31,1,1,4,586.96,19
89,30,10,230.67,28,0,0,1,530.46,15
20,120,11,120.86,88,1,0,5,117.07,15
70,20,12,224.94,44,0,0,1,530.97,20
5,37,4,208.41,39,0,0,4,56.95,9
48,194,11,263.2,16,1,1,0,237.46,11
75,58,16,136.41,13,0,0,0,111.39,6
71,174,17,146.41,49,0,0,4,575.16,7
19,186,3,174.59,64,0,0,5,50.78,6
56,173,10,260.67,75,1,1,5,103.04,3
17,102,7,254.15,39,0,0,4,71.65,20
6,143,14,27.94,21,0,0,0,93.03,9
40,94,3,291.65,8,0,0,3,94.55,4
47,24,8,190.45,5,0,0,5,126.53,14
6,102,14,209.19,38,1,1,5,571.5,18
46,4,7,255.03,37,0,0,4,18.5,1
27,68,4,238.7,58,0,0,5,252.84,1
88,138,3,119.31,93,0,0,2,411.03,13
32,32,1,290.44,66,0,0,3,559.37,4
86,117,9,247.45,76,1,1,4,286.97,1
14,95,12,148.41,67,0,0,2,254.98,6
46,173,19,96.86,43,0,0,2,443.94,16
100,192,13,85.08,55,1,0,4,17.78,15
72,173,7,164.19,87,1,0,4,117.49,13
53,68,5,39.18,17,1,0,4,18.11,20
80,150,10,255.73,43,1,1,2,482.18,16
96,98,18,236.49,62,1,0,1,501.79,10
20,164,10,268.25,45,1,0,4,314.17,20
31,96,6,228.68,96,0,0,4,204.85,20
21,28,5,13.78,24,1,1,3,349.33,12
23,173,15,187.85,21,1,1,4,395.18,13
53,60,16,251.01,51,0,0,5,473.16,10
4,121,14,4.88,2,0,0,5,294.26,3
23,7,15,278.83,29,0,0,3,401.18,5
95,159,9,47.4,28,1,0,3,320.45,5
43,144,15,136.96,93,1,1,1,331.34,1
53,84,0,297.55,16,0,0,4,277.51,7
86,157,2,128.34,27,1,0,1,342.51,4
95,57,12,298.71,93,1,0,5,539.48,1
32,166,16,272.82,2,0,0,2,187.36,7
35,17,14,264.64,75,1,0,1,474.61,1
21,163,7,90.56,64,0,0,0,139.94,7
90,119,6,262.33,21,1,1,0,226.28,16
14,180,18,262.98,15,1,1,0,176.45,5
49,78,11,28,46,0,0,3,508.08,8
5,167,1,108.13,91,0,0,5,93.26,14
61,105,1,24.73,83,0,0,0,174.21,18
29,30,9,199.35,4,1,0,5,573.95,7
26,36,15,194.67,48,0,0,1,373.08,3
59,12,19,15.54,81,1,0,4,100.67,10
45,10,20,187.68,32,1,1,3,323.51,15
40,78,15,217.8,98,1,1,3,113.46,5
30,127,9,226.57,68,0,0,0,109.34,16
29,30,17,128.77,79,1,0,2,426.33,14
4,25,0,27.36,6,0,0,2,543.3,1
85,61,3,28.56,76,1,0,4,477.7,4
25,138,13,64.03,6,1,1,5,100.95,6
52,35,4,23.38,84,1,1,1,74.57,5
43,100,8,178.1,13,1,1,0,596.29,15
36,117,11,155.83,83,0,0,5,346.84,16
9,95,12,133.52,2,1,1,1,267.33,16
99,172,11,2.42,6,1,0,5,224.95,1
36,191,1,103.07,88,0,0,2,127.07,15
45,179,12,36.18,14,1,1,2,425.74,19
83,139,1,258.1,53,1,0,0,401,8
66,108,18,208.21,56,1,0,2,586.92,7
52,151,17,143.31,48,1,0,2,93.03,10
87,191,6,68.68,15,1,1,4,271.82,19
69,187,11,26.8,70,1,1,4,585.4,13
43,40,17,241.79,32,0,0,2,322.52,2
4,107,9,30.96,60,0,0,0,77.29,11
15,168,2,110.27,89,0,0,0,19.83,1
34,26,12,89.78,19,0,0,5,558.99,4
23,126,16,114.82,26,1,1,2,462.27,14
75,158,14,244.01,88,0,0,2,568.93,14
34,105,17,262.35,87,1,1,3,557.05,16
5,72,8,192.47,80,1,0,5,97.85,19
14,9,19,203.14,1,0,0,4,582.24,20
77,177,19,20.52,38,0,0,4,329.96,18
56,95,3,168.99,53,0,0,0,306.91,10
45,56,4,183.1,84,1,0,1,390.11,2
94,114,3,49.23,12,0,0,1,180.86,16
41,114,12,105.36,84,0,0,2,538.11,13
56,61,11,63.92,66,1,1,2,581.92,16
78,93,10,224.48,34,1,0,5,453.73,17
66,26,17,275.97,79,0,0,3,596.47,19
15,176,11,184.82,77,1,0,3,401.8,20
50,95,4,132.72,89,1,0,0,480.75,16
74,140,6,65.17,17,1,1,5,438.48,8
25,166,19,268.98,53,1,1,1,553.76,2
33,92,16,42,13,0,0,3,206.52,17
6,16,12,36.95,65,1,1,1,71.83,1
91,102,16,219,92,0,0,5,289.99,14
56,71,1,105.46,79,0,0,3,28.85,19
1,49,1,128.82,15,0,0,4,408.41,11
67,32,1,237.32,36,0,0,2,74.54,18
69,117,4,74.34,14,1,0,3,19.75,3
88,24,10,193.39,100,1,0,3,372.43,9
93,170,15,74.45,13,0,0,5,136.12,14
95,55,16,180.3,63,1,0,0,217.65,16
95,165,14,216.35,25,1,1,4,199.19,4
86,164,4,85.48,77,1,1,2,366.85,16
26,153,19,282.38,25,1,0,4,121.11,20
47,6,16,8.05,99,1,1,5,318.23,12
56,13,4,254.12,33,1,1,5,469.86,15
9,86,10,262.75,66,1,1,2,461.42,14
86,63,19,61.63,25,0,0,4,121.45,1
43,33,10,182.08,45,1,0,4,54.74,6
80,145,5,56.59,90,0,0,0,510.42,10
41,53,12,117.53,52,1,1,1,407.85,7
85,18,19,193.85,37,0,0,4,574.79,16
16,196,9,235.14,20,0,0,5,585.62,12
93,142,18,238.13,5,1,1,2,239.68,15
39,54,10,71.8,70,1,0,2,296.83,8
65,151,16,115.77,63,1,0,0,363.89,17
40,56,16,72.32,26,1,1,1,309.38,8
86,60,17,191.42,88,1,0,2,38.35,19
53,85,15,21.3,61,0,0,0,401.73,11
42,199,18,266.62,42,1,1,2,241.55,20
52,38,9,3.62,30,1,1,3,431,15
90,153,15,108.33,0,1,1,5,259.45,5
38,1,0,94.94,1,0,0,4,234.74,10
71,71,11,116.05,85,0,0,1,12.25,13
17,38,10,251.69,11,1,1,4,210.23,14
25,34,3,126.26,14,1,1,4,188.31,12
54,139,13,163.91,73,1,0,3,270.12,16
86,65,18,51.83,85,0,0,1,338.81,6
49,45,9,141.3,63,0,0,4,133.34,20
87,29,20,296.21,19,0,0,0,533.24,7
96,170,0,21.9,11,1,1,2,446.21,10
23,7,19,176.21,99,0,0,5,252.29,3
79,34,15,4.14,65,1,1,2,268.29,16
73,4,8,64.72,9,1,1,5,102.46,5
39,92,20,276.77,92,1,1,0,438.16,6
52,61,18,284.6,92,1,1,2,539.15,7
71,151,18,119.39,12,1,0,3,438.52,6
1,83,7,85.95,32,1,1,0,251.45,20
39,5,1,213.79,82,1,0,3,502.13,16
37,45,18,230.13,29,1,0,1,360.77,4
27,68,15,127.07,58,1,1,2,90.47,14
56,14,5,120.68,37,1,1,3,185.42,16
75,33,16,192.16,33,0,0,2,593.09,10
78,190,20,161.3,59,0,0,1,317.55,8
84,108,19,45.8,6,0,0,4,204.57,7
42,135,12,25.08,12,0,0,2,560.23,18
60,30,4,23.71,22,0,0,1,356.45,2
57,191,7,276.28,5,1,1,0,228.58,1
57,17,1,292.29,37,0,0,2,8.94,12
87,122,18,46.61,46,0,0,0,385.09,9
28,115,3,98.03,86,0,0,1,167.63,12
66,200,6,175.93,40,1,1,0,109.06,6
61,93,0,228.97,54,0,0,3,279.96,6
95,132,14,194.95,94,0,0,4,342.91,17
22,152,10,192.95,14,0,0,0,549.35,2
85,28,13,93.05,12,1,1,3,123.56,3
11,116,4,131.25,97,0,0,4,500.21,11
37,129,13,286.03,5,0,0,1,177.23,14
66,57,6,71.59,1,1,1,1,296.9,4
85,158,13,73.34,17,0,0,2,494.57,20
82,12,16,277.39,84,0,0,3,184.69,8
80,187,19,34.8,82,1,0,5,353.2,4
43,169,15,183.69,21,0,0,4,298.99,18
12,134,1,16.51,42,0,0,2,445.21,8
97,78,4,199.82,45,1,0,2,138.59,16
31,118,16,197.42,56,1,0,1,475.78,9
87,165,6,52.69,79,0,0,0,96.64,11
40,8,17,3.8,34,0,0,4,183.6,12
29,16,10,41.16,93,1,1,5,386.13,2
26,123,15,3.41,11,1,0,1,383.75,18
19,103,16,148.92,47,0,0,1,78.89,9
4,110,12,104.01,43,0,0,5,401.22,5
6,176,10,155.17,23,0,0,0,176.17,17
32,28,5,246.75,14,0,0,3,111.73,20
61,126,14,77.77,51,0,0,3,544.54,4
79,183,17,111.56,51,1,1,5,388.65,2
99,114,10,224.93,58,1,0,4,21.92,15
10,19,17,262.04,34,1,1,0,460.01,15
59,21,11,219.88,49,1,1,0,298.36,4
54,83,20,35.42,88,1,0,2,582.52,4
81,156,8,269.97,61,1,0,0,361.34,20
74,38,19,100.5,53,0,0,5,220.25,20
25,17,15,128.8,83,0,0,4,290.89,4
92,33,6,157.16,21,1,1,0,264.46,18
90,71,7,78.88,14,1,1,2,158.46,2
50,160,8,292.52,16,1,0,3,413.12,17
64,163,17,188.26,89,1,0,0,584.68,4
52,150,9,148.84,92,1,0,0,491.88,6
32,141,7,153.23,7,0,0,4,227.06,4
19,183,9,16.63,20,0,0,5,441.11,7
84,84,9,257.81,13,1,0,5,15.44,12
89,98,6,50.06,53,1,0,2,159.42,6
1,153,15,47.19,75,1,1,0,351.08,10
97,136,10,232,61,1,1,4,91.95,15
99,76,15,268.28,72,1,1,2,279.32,17
14,117,11,202.24,86,0,0,5,417.5,16
100,130,17,34.6,56,1,0,1,217.64,4
55,155,8,222.23,23,0,0,2,36.47,5
29,111,9,0.77,78,0,0,1,219.89,12
23,26,3,257.61,48,0,0,1,383.57,11
90,180,18,3.69,99,1,1,2,573.32,5
67,30,17,13.79,45,1,1,2,33.99,4
60,168,12,109.19,78,1,0,4,178.54,7
7,167,12,276.07,3,0,0,2,385.17,15
72,197,11,53.69,87,1,0,3,50.71,14
32,142,4,288.1,93,1,1,5,120.32,1
16,185,9,10.61,16,1,0,0,378.68,8
59,56,1,240.93,61,0,0,2,459.99,16
18,111,9,214.21,62,1,0,1,361.26,11
60,116,2,196.71,14,1,0,1,104.45,10
86,59,11,67.35,52,0,0,2,196.95,17
68,106,14,74.48,56,0,0,0,193.15,6
72,87,20,274.76,5,1,0,0,507.77,3
77,117,8,95.98,8,0,0,4,480.93,9
41,103,15,247.8,33,1,1,4,166.52,12
97,107,6,171.46,83,1,1,4,420.29,14
57,187,6,35.82,40,1,0,0,220.7,12
79,25,17,202,1,0,0,1,322.98,8
93,81,8,15.8,90,0,0,4,214.22,5
65,110,17,66.96,86,1,0,2,90.51,17
55,81,8,154.73,67,1,1,4,86.48,14
71,171,4,13.78,98,0,0,2,172.44,8
58,66,3,120.28,95,1,0,2,468.39,5
21,96,19,263.1,73,0,0,1,250.14,14
96,40,18,259.81,92,1,1,5,552.94,14
61,176,7,232.06,72,0,0,2,102,14
58,122,7,93.21,28,1,0,4,134.64,15
34,18,1,25.92,85,1,0,1,304.51,17
97,24,16,137.02,43,1,1,1,499.79,12
32,22,7,110.68,66,1,0,0,478.09,1
82,24,20,87.48,66,0,0,2,337.4,15
36,111,7,235.35,88,0,0,4,415.34,5
99,25,1,221.87,89,0,0,2,571.73,1
100,191,3,72.78,79,0,0,4,508.41,17
67,190,13,110.48,12,1,1,3,428.97,3
63,96,10,291.56,55,0,0,0,422.85,3
81,34,15,299.34,84,1,0,1,482.54,11
31,143,3,232.77,93,1,0,0,253.32,11
36,16,4,219.74,31,1,0,3,550.04,13
57,151,0,163.97,61,1,0,5,74.36,6
10,144,17,238.79,44,0,0,0,83.08,14
92,144,5,45.17,84,1,1,0,15.34,2
37,85,13,279.72,86,0,0,3,212.18,13
31,172,20,7.17,82,0,0,0,416.18,2
35,32,15,162.46,49,0,0,0,87.71,5
43,106,15,190.78,19,0,0,3,267.95,19
41,91,20,208.04,71,0,0,3,592.61,2
70,171,6,2.88,78,0,0,1,316.26,17
11,193,9,100.51,6,1,0,5,582.22,10
18,109,10,227.68,1,1,1,4,107.46,14
20,185,9,112.88,82,0,0,4,186.29,13
30,14,20,221.42,20,1,1,5,447.95,18
50,74,1,92.25,64,0,0,5,75.57,10
89,154,2,61.56,60,0,0,5,81.59,11
20,80,20,294.93,63,0,0,3,418.08,12
91,91,18,125.94,21,0,0,4,414.39,1
28,27,7,288.36,9,0,0,2,187.92,9
9,148,17,291.77,96,1,1,2,129.86,17
54,130,1,42.71,62,0,0,2,588.76,20
53,55,5,83.95,41,1,1,1,257.76,5
43,40,13,13.17,30,1,1,5,459,13
70,169,5,69.44,42,1,1,5,71.47,15
60,124,1,253.65,35,1,0,4,16.19,7
54,58,12,123.92,6,1,1,0,293.13,18
8,28,15,268.67,64,1,1,3,261.59,20
27,90,5,137.54,28,0,0,4,121.83,20
54,143,9,224.37,70,1,0,1,24.51,15
50,95,1,174.23,82,0,0,0,397.57,12
99,30,0,151.63,48,0,0,5,357.94,13
75,196,9,191.16,51,0,0,3,284.1,7
90,72,18,118.31,30,1,1,0,545.57,10
3,147,19,177.57,10,1,0,3,30.75,3
98,58,3,18.68,58,0,0,2,184.48,2
74,110,10,198.73,56,1,1,5,11.11,18
49,144,9,39.21,73,0,0,5,62.42,11
62,197,14,87.5,57,0,0,5,78.66,13
1,160,20,255.27,11,1,1,3,363.07,5
46,158,17,277.81,63,1,0,3,354.62,17
39,173,16,117.89,57,0,0,1,124.01,18
97,165,15,249.57,40,0,0,1,404.01,10
50,143,4,97.88,15,0,0,1,22.41,7
54,7,16,135.83,63,1,1,4,91.61,3
69,156,14,70.08,95,1,1,2,448.99,17
96,169,8,283.07,83,0,0,2,170.04,18
95,178,6,40.83,2,0,0,3,349.95,10
70,69,3,231.04,13,0,0,1,214.56,17
78,8,10,32.69,51,1,1,5,513.81,11
29,47,5,31.7,52,0,0,5,469.58,6
63,70,14,134.87,4,0,0,2,369.71,1
29,180,20,94.21,71,1,1,2,305.42,1
35,196,8,36.22,70,1,1,3,45.66,18
56,80,5,107.49,0,1,1,3,492.65,19
63,87,0,231.1,11,1,1,0,459.13,9
4,90,10,135.58,77,0,0,0,319.66,8
50,2,9,139,79,0,0,3,430.91,10
44,47,18,255.74,81,0,0,0,578.74,14
86,37,6,27.13,38,1,1,2,107.21,17
87,145,5,242.28,65,1,1,3,453.64,4
52,169,19,91.26,71,1,1,3,7.58,2
93,103,20,211.41,26,0,0,1,436.58,12
22,18,12,180.99,83,1,0,2,554.92,9
60,37,13,64.51,85,0,0,2,552.68,17
17,190,16,256.97,58,0,0,4,511.52,12
80,163,10,44.5,43,0,0,4,287.46,4
69,8,2,213.35,46,0,0,1,420.39,2
4,24,12,290.52,6,1,1,4,115.15,4
51,192,3,118.87,28,1,0,0,405.75,15
76,136,5,14.69,58,0,0,3,68.86,10
73,56,4,89.65,42,0,0,5,501.67,19
85,97,15,246.03,71,1,0,0,588.87,1
4,108,10,52.16,98,0,0,2,257.33,15
11,117,7,285.63,79,1,1,4,310.98,11
83,88,0,256.38,76,0,0,5,247.51,8
55,41,8,166.79,60,0,0,0,458.04,19
18,95,12,165.04,91,0,0,2,192,19
60,80,7,28.42,84,1,1,4,282.21,18
24,185,14,30.57,46,0,0,3,314.24,20
7,84,8,238.14,91,1,1,3,300.01,8
34,199,10,36.44,57,0,0,4,219.94,12
49,146,9,18.5,14,0,0,3,176.52,10
42,153,18,234.29,12,0,0,1,434.67,10
28,22,18,66.69,97,1,1,4,53.94,19
59,14,0,59.44,84,0,0,1,298.76,5
42,40,8,120.17,28,1,1,4,233.94,13
44,41,20,205.89,0,0,0,1,276.88,17
98,194,11,281.27,43,0,0,3,443.02,8
49,159,7,25.21,45,1,0,3,413.79,4
36,13,1,175.84,81,0,0,0,505.45,11
97,173,3,275.23,37,0,0,2,139.39,17
54,21,14,22.5,70,0,0,1,247.33,19
33,70,9,299.15,66,1,1,5,591.05,7
11,114,5,59.33,47,0,0,4,259.64,12
61,170,12,193.8,89,1,0,3,514.78,15
3,109,16,242.79,13,1,1,3,537.38,4
96,125,9,27.59,5,1,0,4,482.45,5
70,156,3,254.18,21,0,0,2,563.75,14
7,114,20,242.67,63,0,0,4,223.63,14
45,107,9,36.76,17,1,0,5,12.61,3
29,70,11,282.68,91,1,0,1,406.12,3
84,56,19,15.19,95,0,0,1,404.9,2
9,194,7,277.24,92,1,1,5,240.84,14
100,132,7,129.95,52,0,0,5,315.98,5
84,30,4,217.33,13,1,0,0,407.53,16
6,89,15,148.84,32,1,1,5,75.93,7
97,111,4,114.82,78,1,0,5,239.91,15
4,29,14,128,25,1,0,4,418.55,3
32,73,19,106.18,24,0,0,3,586.65,12
26,174,11,272.49,15,0,0,0,446.15,17
3,174,13,82.49,50,1,0,4,535.99,13
80,152,17,133.8,27,1,1,4,105.39,19
20,125,15,44.59,58,1,0,3,221.41,18
31,135,17,184.23,100,1,1,2,123.46,17
17,171,6,185.09,24,0,0,4,124.16,13
61,79,7,194.18,91,0,0,0,507.2,9
86,12,19,149.67,43,0,0,3,245.55,19
15,57,2,264.83,13,1,1,1,143.56,16
73,102,16,143.71,96,1,0,2,257.7,14
28,154,14,26.32,53,1,0,3,301.97,15
60,15,16,114.9,5,1,0,0,460.07,16
90,2,11,125.77,81,1,0,4,460.75,14
33,53,2,192.8,86,0,0,0,358.22,6
99,78,18,239.16,75,1,1,5,455,5
48,55,3,74.74,15,0,0,4,481.59,17
22,197,1,298.23,98,0,0,3,566.22,5
78,36,17,163.1,57,1,0,2,216.88,16
78,196,16,5.86,58,0,0,3,401.67,15
96,66,6,114.75,84,1,0,5,570.33,5
92,75,18,214.01,75,0,0,5,592.58,17
15,84,17,143.91,64,1,0,0,309.29,17
100,31,4,234.43,17,0,0,0,92.69,4
21,2,5,103.21,63,1,0,1,275.51,7
40,128,10,169.7,0,0,0,1,77.7,15
14,192,16,96.48,67,1,1,4,296.16,16
75,111,14,81.13,94,1,0,5,142.34,2
4,45,3,7.82,6,1,1,0,565.73,6
40,34,6,179.13,70,1,1,1,22.69,18
74,98,18,8.79,55,0,0,5,443.99,12
87,137,15,243.21,74,0,0,1,499.04,4
49,181,2,84.28,61,0,0,3,301.39,20
51,59,16,242.6,65,0,0,4,20.92,14
92,129,14,141.51,99,0,0,2,111.56,4
26,144,1,107.23,22,0,0,3,364.73,4
10,172,14,175.2,88,0,0,4,199.54,12
76,91,4,69.83,74,0,0,4,185.14,19
89,19,16,47.89,22,0,0,3,375.82,10
81,102,13,74.36,93,1,0,1,457.3,2
32,190,14,72.35,16,0,0,1,398.34,17
14,11,18,160.11,13,0,0,5,314.37,5
90,112,1,237.37,49,0,0,2,297.85,4
99,5,17,221.12,84,1,0,2,282.28,12
39,118,14,229.21,76,1,1,4,179.67,10
88,20,9,284.34,77,1,0,5,301.25,12
77,81,0,172.71,41,0,0,2,305.35,10
16,148,12,294.8,64,1,1,3,327.75,10
73,110,8,116.53,49,0,0,5,486.64,16
6,147,0,280.56,53,0,0,2,326.61,1
45,104,6,297.46,77,0,0,0,15.51,5
69,182,18,52.11,88,0,0,4,459.56,5
55,164,2,70.97,97,1,1,0,594.47,19
85,107,1,95.4,31,0,0,4,528.67,14
48,75,13,221.43,35,1,0,4,75.88,2
9,30,11,107.63,50,0,0,3,272.82,10
65,104,2,177.47,43,1,1,1,512.46,10
83,6,17,211.04,37,1,0,2,268.32,7
44,84,1,105.5,57,1,1,0,26.41,6
2,44,2,170.3,17,0,0,2,110.24,16
54,159,15,42.63,17,1,1,4,397.35,1
63,118,1,284.51,52,0,0,0,468.73,4
14,177,9,251.01,77,0,0,0,531.4,18
56,93,13,243.12,89,1,0,5,102.67,12
47,23,5,291.12,95,0,0,4,261.26,3
82,112,4,162.64,65,0,0,2,190.91,2
59,28,20,52.67,38,0,0,0,236.5,14
91,63,20,11.39,89,0,0,2,459.59,16
20,112,13,16.85,70,0,0,0,343.47,19
56,151,11,180.5,40,1,1,1,296.88,10
23,103,12,5.98,91,0,0,3,334.5,19
94,135,14,143.4,94,0,0,5,325.94,15
67,21,12,99.52,70,0,0,4,284.54,11
84,102,12,184.24,80,0,0,3,339.54,13
35,80,2,241.93,27,1,1,5,98.01,16
79,191,17,102.23,25,0,0,2,38.16,20
69,87,4,53.24,26,1,0,5,161.72,5
100,57,20,240.73,79,1,1,3,356.67,5
62,86,11,260.47,91,1,0,3,229.79,17
60,200,3,17.87,37,0,0,3,407.51,15
56,44,5,44.31,87,0,0,3,461.05,15
94,20,17,211.41,44,0,0,4,174.24,15
76,131,12,42.5,86,1,1,1,41.55,5
35,163,16,33.28,16,1,0,5,356.33,11
42,30,4,157.89,90,0,0,1,81.28,3
32,136,7,109.47,83,1,1,3,223.01,20
12,131,0,21.76,22,1,1,1,486.68,20
36,50,0,211.36,64,1,1,1,352.46,14
58,199,9,198.64,69,1,0,4,460.29,13
32,90,14,175.8,88,1,0,3,376.97,8
97,90,17,100.97,81,1,0,2,231.44,13
60,187,13,96.78,41,1,1,3,259.75,11
73,166,17,292.76,90,1,0,1,595.21,18
79,38,12,219.71,14,0,0,2,250.1,2
86,61,7,131.06,97,0,0,5,38.59,15
49,27,7,191.78,45,1,0,1,150.32,9
44,38,14,146.16,71,1,1,1,144.6,3
4,66,11,95.19,61,1,1,0,190.7,6
64,51,4,212.15,74,1,0,0,55.54,1
42,45,8,168.59,73,1,0,5,414.35,19
24,155,6,266.88,85,1,0,0,522.02,10
63,40,3,184.11,90,0,0,1,73.11,18
28,195,1,107.05,53,0,0,5,106.02,4
46,195,13,199.66,86,1,0,3,325.36,18
34,168,19,244.34,95,0,0,5,27.24,3
44,20,0,113.52,68,0,0,3,396.37,7
36,46,7,220.2,36,1,0,1,256.37,20
77,198,6,88.36,54,0,0,0,311.28,18
90,161,2,53.31,1,1,0,1,255.6,19
36,127,3,0.54,66,0,0,5,17.14,2
72,119,19,210.6,13,0,0,3,284.47,19
2,194,1,171.85,3,1,1,3,18.23,17
67,145,14,255.23,48,0,0,5,193.33,7
25,195,19,231.25,18,1,1,4,344.36,16
11,149,1,170.24,6,0,0,3,196.84,17
31,115,7,54.62,85,0,0,4,63.15,1
93,175,1,95.47,7,0,0,1,295.57,4
53,145,12,242.64,25,1,0,3,416.06,18
63,165,14,183.41,34,1,1,4,127.52,6
72,163,7,191.89,96,0,0,3,300.56,1
98,160,17,31.23,100,0,0,4,487.82,9
31,83,6,148.86,20,1,1,3,402.1,7
89,161,1,99.35,36,1,1,3,104.14,8
61,81,4,23.34,87,0,0,2,183.21,19
83,39,16,104.04,32,0,0,1,581.81,15
92,113,9,95.86,18,1,1,1,125.05,3
63,18,7,190.86,7,1,0,3,383.09,18
58,121,18,288.92,88,0,0,4,584.59,20
3,114,10,246.5,100,1,0,0,49.82,11
12,162,18,201.01,37,0,0,4,510.95,13
38,78,19,218.79,26,0,0,3,132.38,19
29,71,10,100.72,96,1,1,5,162.77,2
52,152,7,3.42,69,1,1,1,181.91,16
89,15,9,62.91,4,0,0,5,346.24,1
32,91,4,207.95,45,1,0,4,483.74,11
40,130,16,105.14,57,0,0,2,376.62,14
85,19,7,236.11,13,1,1,3,574.97,6
75,80,13,216.12,78,0,0,4,432.04,14
48,119,9,14.44,86,1,0,4,349.02,1
61,116,8,131.47,94,0,0,2,357.16,17
71,10,1,125.9,71,0,0,0,167.65,11
68,15,17,49.9,28,1,0,0,342.02,13
45,95,18,124.21,95,1,1,4,320.98,9
55,74,5,264.53,82,1,1,3,259.13,3
96,20,20,105.37,71,1,0,5,211.65,4
71,166,13,112.6,49,0,0,2,50.61,4
43,24,17,248.64,30,0,0,0,495.12,18
46,158,15,236.62,65,0,0,4,305.26,6
90,153,1,173.42,100,1,1,3,183.45,10
59,130,11,227.47,89,0,0,5,399.76,5
35,99,20,67.67,36,1,1,0,191.45,6
40,119,12,135.39,88,0,0,1,251.52,9
33,149,16,239.76,85,1,1,5,154.5,3
30,142,10,10.02,6,0,0,5,311.64,5
16,190,13,6.02,48,1,0,4,404.58,10
93,11,13,78.34,49,0,0,2,330.8,14
25,116,4,31.42,53,0,0,3,529.13,6
41,147,9,102.54,100,0,0,4,378.57,2
16,167,12,266.38,87,1,1,0,312.15,20
96,49,5,48.27,40,1,1,4,115.99,11
69,83,17,22.5,70,0,0,4,302.03,6
98,155,15,282.55,6,0,0,0,398.18,1
89,122,7,293.41,1,1,1,1,495.23,2
24,129,7,101.39,95,1,1,3,563.17,10
25,39,9,295.58,32,1,0,5,164.42,13
28,16,4,267.97,25,0,0,5,384.57,4
95,116,14,211.35,79,0,0,5,486.32,11
62,27,1,129.4,99,1,1,5,512.4,5
36,88,17,196.09,56,0,0,0,544.57,14
93,183,13,182.2,28,1,0,5,561.11,11
76,22,13,130.26,81,0,0,5,437.34,9
98,130,17,16.07,90,1,1,4,40.63,13
68,166,16,99.33,90,1,1,4,124.39,4
77,45,4,292.32,82,0,0,2,280.18,2
37,11,12,122.78,47,1,0,4,148.02,7
13,64,7,166.23,96,1,1,0,449.13,8
25,182,8,277.67,75,0,0,2,460.49,20
38,113,6,162.04,69,0,0,4,507.25,19
30,113,10,198.18,94,1,0,0,249.1,8
47,135,20,89.22,77,0,0,3,516.81,16
